<?xml version='1.0' encoding='utf-8'?>
<!DOCTYPE hibernate-mapping PUBLIC
    "-//Hibernate/Hibernate Mapping DTD 3.0//EN"
    "http://www.hibernate.org/dtd/hibernate-mapping-3.0.dtd">
<hibernate-mapping>

    <class name="com.wenti.domain.AdditionalItem" table="additional_item" catalog="wenti">
        <id name="id" >
            <generator class="identity" />
        </id>
        <property name="name" type="java.lang.String" column="name"/>
        <property name="fee" type="java.lang.Float" column="fee"/>
        <many-to-one name="additional" column="aid" lazy="false" class="com.wenti.domain.Additional"/>
    </class>
</hibernate-mapping>