<?xml version="1.0" encoding="utf-8"?>
<!DOCTYPE hibernate-mapping PUBLIC "-//Hibernate/Hibernate Mapping DTD 3.0//EN"
        "http://hibernate.sourceforge.net/hibernate-mapping-3.0.dtd">
<!--
    Mapping file autogenerated by MyEclipse Persistence Tools
-->
<hibernate-mapping>
    <class name="com.wenti.domain.Additional" table="additional" catalog="wenti">
        <id name="id" type="java.lang.Integer" >
            <column name="id"></column>
            <generator class="identity" />
        </id>
        <property name="name" column="name"></property>
        <many-to-one name="product" column="pid" class="com.wenti.domain.Product"></many-to-one>
        <set name="additionalItems" inverse="true" lazy="false" fetch="subselect">
            <key column="aid"></key>
            <one-to-many  class="com.wenti.domain.AdditionalItem"></one-to-many>
        </set>
    </class>
</hibernate-mapping>