<?xml version="1.0" encoding="utf-8"?>
<!DOCTYPE hibernate-mapping PUBLIC "-//Hibernate/Hibernate Mapping DTD 3.0//EN"
        "http://hibernate.sourceforge.net/hibernate-mapping-3.0.dtd">
<!--
    Mapping file autogenerated by MyEclipse Persistence Tools
-->
<hibernate-mapping>
    <class name="com.wenti.domain.Cart" table="cart" catalog="wenti">
        <id name="id" type="java.lang.Integer" >
            <column name="id"></column>
            <generator class="identity" />
        </id>
        <many-to-one name="user" column="uid" fetch="select" class="com.wenti.domain.User"/>
        <set name="cartitems" inverse="true" fetch="subselect">
            <key column="cid"></key>
            <one-to-many  class="com.wenti.domain.Cartitem"></one-to-many>
        </set>
    </class>
</hibernate-mapping>