<?xml version='1.0' encoding='utf-8'?>
<!DOCTYPE hibernate-mapping PUBLIC
    "-//Hibernate/Hibernate Mapping DTD 3.0//EN"
    "http://www.hibernate.org/dtd/hibernate-mapping-3.0.dtd">
<hibernate-mapping>

    <class name="com.wenti.domain.Category" table="category" catalog="wenti">
        <id name="id" column="id">
            <generator class="identity" />
        </id>
        <property name="name" column="name" type="java.lang.String"/>
        <property name="score" column="score" type="java.lang.Integer"/>
        <property name="state" column="state" type="java.lang.Integer"/>
        <property name="image" column="image" type="java.lang.String"/>
        <property name="orderSales" column="order_sales" type="java.lang.Integer"/>
        <set name="products" inverse="true" cascade="all">
            <key column="cid"/>
            <one-to-many  class="com.wenti.domain.Product"/>
        </set>
    </class>
</hibernate-mapping>