<?xml version='1.0' encoding='utf-8'?>
<!DOCTYPE hibernate-mapping PUBLIC
    "-//Hibernate/Hibernate Mapping DTD 3.0//EN"
    "http://www.hibernate.org/dtd/hibernate-mapping-3.0.dtd">
<hibernate-mapping>
    <class name="com.wenti.domain.Orderitem" table="orderitem" catalog="wenti">
        <id name="id" type="java.lang.Integer" >
            <column name="id"></column>
            <generator class="identity" />
        </id>
        <property name="num" column="num" type="java.lang.Integer"/>
        <property name="fee" type="java.lang.Float" column="fee"/>
        <property name="requirement" type="java.lang.String" column="requirement"/>
        <many-to-one name="order" lazy="false" column="oid" class="com.wenti.domain.Order"/>
        <many-to-one name="product" lazy="false" column="pid" class="com.wenti.domain.Product"/>
    </class>
</hibernate-mapping>