<?xml version='1.0' encoding='utf-8'?>
<!DOCTYPE hibernate-mapping PUBLIC
    "-//Hibernate/Hibernate Mapping DTD 3.0//EN"
    "http://www.hibernate.org/dtd/hibernate-mapping-3.0.dtd">
<hibernate-mapping>

    <class name="com.wenti.domain.Order" table="orders" catalog="wenti">
        <id name="id" type="java.lang.Integer" >
            <column name="id"></column>
            <generator class="identity" />
        </id>
        <property name="remark" column="remark"/>
        <property name="addr" column="addr"/>
        <property name="tel" column="tel"/>
        <property name="name" column="name"/>
        <property name="ordertime" column="ordertime"/>
        <property name="successDate" column="success_date"/>
        <property name="totalFee" column="total_fee"/>
        <property name="state" column="state"/>
        <property name="deliveryTime" column="delivery_time" type="java.lang.String"/>
        <property name="visible" column="visible"/>
        <many-to-one name="seller" column="sid" lazy="false" class="com.wenti.domain.Seller"/>
        <many-to-one name="user" column="uid" lazy="false" class="com.wenti.domain.User"/>
        <set name="orderitems" inverse="true" lazy="false" fetch="subselect">
            <key column="oid"/>
            <one-to-many class="com.wenti.domain.Orderitem"/>
        </set>
    </class>
</hibernate-mapping>