<?xml version='1.0' encoding='utf-8'?>
<!DOCTYPE hibernate-mapping PUBLIC
    "-//Hibernate/Hibernate Mapping DTD 3.0//EN"
    "http://www.hibernate.org/dtd/hibernate-mapping-3.0.dtd">
<hibernate-mapping>

    <class name="com.wenti.domain.Seller" table="seller" catalog="wenti">
        <id name="id" type="java.lang.Integer" >
            <column name="id"></column>
            <generator class="identity" />
        </id>
        <property name="tel" column="tel"/>
        <property name="password" column="password"/>
        <property name="name" column="name"/>
        <property name="username" column="username"/>
        <property name="openid" column="openid"/>
        <property name="startingPrice" column="starting_price"/>
        <property name="deliveryFee">
            <column name="delivery_fee">
                <comment>配送费</comment>
            </column>
        </property>
        <set name="cartitems" inverse="true">
            <key column="sid"/>
            <one-to-many not-found="ignore" class="com.wenti.domain.Cartitem"/>
        </set>
        <set name="orders" inverse="true">
            <key column="sid"/>
            <one-to-many not-found="ignore" class="com.wenti.domain.Order"/>
        </set>
        <set name="products" inverse="true">
            <key column="sid"/>
            <one-to-many not-found="ignore" class="com.wenti.domain.Product"/>
        </set>
    </class>
</hibernate-mapping>