<?xml version="1.0" encoding="UTF-8" ?>
<!DOCTYPE struts PUBLIC
	"-//Apache Software Foundation//DTD Struts Configuration 2.3//EN"
	"http://struts.apache.org/dtds/struts-2.3.dtd">
<struts>
    <constant name="struts.devMode" value="true" />
    <constant name="struts.convention.classes.reload" value="true" />
    <constant name="struts.i18n.encoding" value="utf-8"></constant>
    <constant name="struts.ognl.allowStaticMethodAccess" value="true" />
    <constant name="struts.custom.i18n.resources" value="message"></constant>
    <constant name="struts.multipart.saveDir" value="/tmp"/>
    <package name="user-default" namespace="/user" extends="json-default">
        <interceptors>
            <interceptor name="weixin" class="com.wenti.web.interceptor.UserFromWeixin"></interceptor>
            <interceptor-stack name="weixinLogin">
                <interceptor-ref name="defaultStack"></interceptor-ref>
                <interceptor-ref name="weixin"></interceptor-ref>
            </interceptor-stack>
        </interceptors>
        <default-action-ref name="notFound"></default-action-ref>
    </package>
    <package name="seller-default" namespace="/seller" extends="json-default">
        <interceptors>
            <interceptor name="sellerJsonLogin" class="com.wenti.web.interceptor.SellerJsonLogin"></interceptor>
            <interceptor name="sellerActionLogin" class="com.wenti.web.interceptor.SellerActionLogin"></interceptor>
            <interceptor-stack name="sellerActionStack">
                <interceptor-ref name="defaultStack"></interceptor-ref>
                <interceptor-ref name="sellerActionLogin"></interceptor-ref>
            </interceptor-stack>
            <interceptor-stack name="sellerJsonStack">
                <interceptor-ref name="defaultStack"></interceptor-ref>
                <interceptor-ref name="sellerJsonLogin"></interceptor-ref>
            </interceptor-stack>
        </interceptors>
        <default-action-ref name="notFound"></default-action-ref>
    </package>
</struts>
