<?xml version='1.0' encoding='utf-8'?>
<!DOCTYPE hibernate-mapping PUBLIC
    "-//Hibernate/Hibernate Mapping DTD 3.0//EN"
    "http://www.hibernate.org/dtd/hibernate-mapping-3.0.dtd">
<hibernate-mapping>
    <class name="com.wenti.domain.User" table="user" catalog="wenti">
        <id name="id" type="java.lang.Integer" >
            <column name="id"></column>
            <generator class="identity" />
        </id>
        <property name="tel" column="tel"/>
        <property name="name" column="name"/>
        <property name="addr" column="addr"/>
        <property name="state" column="state"/>
        <property name="openId" column="openid" type="java.lang.String" length="50"/>
        <set name="carts" inverse="true">
            <key>
                <column name="uid"></column>
            </key>
            <one-to-many class="com.wenti.domain.Cart"/>
        </set>
        <set name="orders" inverse="true">
            <key>
                <column name="uid"></column>
            </key>
            <one-to-many  class="com.wenti.domain.Order"/>
        </set>
    </class>
</hibernate-mapping>